"","model2.y","model2.predicted","X1","X2","X3","X4","X5"
"229","4","5",0,0,0,0,1
"439","5","5",0,0,0.0403899721448468,0.321727019498607,0.637883008356546
"341","5","5",0,0,0.354883081155433,0.0206327372764787,0.624484181568088
"1628","4","5",0,0,0,0,1
"2460","2","5",0,0,0,0,1
"111","4","5",0,0,0.072463768115942,0.11304347826087,0.814492753623188
"20","4","5",0,0,0.0907801418439716,0.049645390070922,0.859574468085106
"284","3","5",0,0,0,0.00277777777777778,0.997222222222222
"2491","5","4",0,0.00277777777777778,0.226388888888889,0.679166666666667,0.0916666666666667
"622","5","5",0,0,0,0,1
"1929","1","5",0,0,0.0869565217391304,0.0715287517531557,0.841514726507714
"1662","4","5",0,0,0,0,1
"178","1","5",0,0,0,0,1
"650","5","5",0,0,0.0420054200542005,0.294037940379404,0.663956639566396
"1633","5","5",0,0,0,0,1
"66","4","5",0,0,0,0,1
"1486","4","5",0,0,0,0,1
"1700","5","5",0,0,0,0,1
"611","3","4",0,0.00536912751677852,0.16241610738255,0.703355704697987,0.128859060402685
"490","4","3",0,0.0106100795755968,0.839522546419098,0.0344827586206897,0.115384615384615
"17","2","5",0,0,0.0700549450549451,0.0741758241758242,0.855769230769231
"556","5","5",0,0,0.0428380187416332,0.295850066934404,0.661311914323963
"192","3","5",0,0,0,0,1
"1844","2","5",0,0,0,0,1
"607","3","4",0,0.00131926121372032,0.162269129287599,0.721635883905013,0.114775725593668
"1837","5","5",0,0,0,0,1
"1798","3","5",0,0,0,0,1
"2470","5","5",0,0,0,0,1
"1883","4","5",0,0,0.0484764542936288,0.235457063711911,0.71606648199446
"621","4","5",0,0,0,0,1
"1505","5","5",0,0,0.00268817204301075,0.0282258064516129,0.969086021505376
"88","3","5",0,0,0,0,1
"280","5","5",0,0,0,0,1
"238","2","5",0,0,0,0,1
"1544","4","5",0,0,0,0,1
"1601","3","5",0,0,0.00133689839572193,0.0254010695187166,0.973262032085562
"1530","5","5",0,0,0,0,1
"2488","2","4",0,0.00140845070422535,0.229577464788732,0.661971830985915,0.107042253521127
"1603","4","5",0,0,0.002710027100271,0.0149051490514905,0.982384823848238
"1815","3","5",0,0.00140252454417952,0.00981767180925666,0.0126227208976157,0.976157082748948
"1956","5","5",0,0,0,0,1
"2557","5","5",0,0,0,0,1
"326","4","5",0,0,0.0448717948717949,0.248717948717949,0.706410256410256
"55","5","5",0,0,0.0660377358490566,0.185983827493261,0.747978436657682
"2552","5","5",0,0,0,0,1
"2213","4","5",0,0,0,0,1
"2220","5","5",0,0,0,0,1
"1779","5","5",0,0,0,0.00404312668463612,0.995956873315364
"127","5","5",0.0363636363636364,0.00779220779220779,0.0714285714285714,0.214285714285714,0.67012987012987
"1742","5","5",0,0,0,0.00684931506849315,0.993150684931507
"2254","5","5",0,0,0,0,1
"1732","5","5",0,0,0,0.00268817204301075,0.997311827956989
"1778","5","5",0,0,0,0.00792602377807133,0.992073976221929
"2083","3","5",0,0,0,0,1
"2411","3","5",0,0,0,0,1
"2154","5","5",0,0,0.0457063711911357,0.314404432132964,0.6398891966759
"2086","3","5",0,0,0,0,1
"97","3","5",0,0,0,0,1
"321","5","5",0,0,0.0328767123287671,0.289041095890411,0.678082191780822
"85","4","5",0,0,0,0,1
"347","5","5",0,0,0.384823848238482,0.0284552845528455,0.586720867208672
"184","5","5",0,0,0,0,1
"2210","5","5",0,0,0,0,1
"1887","4","5",0,0,0.0464190981432361,0.245358090185676,0.708222811671088
"453","4","5",0,0,0,0,1
"2529","4","5",0,0,0.410691003911343,0.144719687092568,0.444589308996089
"1890","2","5",0,0,0.0375180375180375,0.281385281385281,0.681096681096681
"355","5","5",0,0,0.349315068493151,0.0315068493150685,0.619178082191781
"208","5","5",0,0,0.00402144772117962,0.0268096514745308,0.96916890080429
"477","5","5",0,0,0.0492866407263294,0.30609597924773,0.64461738002594
"2059","4","5",0,0,0,0,1
"589","3","5",0,0,0,0,1
"540","3","5",0,0,0.0291390728476821,0.260927152317881,0.709933774834437
"44","5","5",0,0,0.0679487179487179,0.178205128205128,0.753846153846154
"281","5","5",0,0,0,0.00274348422496571,0.997256515775034
"1458","5","5",0,0,0,0,1
"2004","1","5",0,0,0.00275482093663912,0.0206611570247934,0.976584022038568
"1490","5","5",0,0,0,0,1
"1780","5","5",0,0,0,0.00532623169107856,0.994673768308921
"368","4","5",0,0,0.046767537826685,0.266850068775791,0.686382393397524
"172","5","5",0,0,0,0,1
"1781","3","5",0,0,0,0,1
"524","4","5",0,0,0.0501981505944518,0.225891677675033,0.723910171730515
"472","4","5",0,0,0.0470430107526882,0.268817204301075,0.684139784946237
"1441","5","5",0,0,0,0,1
"1833","5","5",0,0,0,0,1
"1587","3","5",0,0,0,0,1
"228","5","5",0,0,0,0,1
"2324","5","5",0,0,0,0,1
"1459","1","5",0,0,0,0,1
"1829","2","5",0,0,0,0,1
"1609","4","5",0,0,0,0.0158520475561427,0.984147952443857
"200","5","5",0,0,0,0,1
"2528","1","3",0,0,0.402439024390244,0.211382113821138,0.386178861788618
"1896","4","5",0,0,0.0414993306559572,0.228915662650602,0.72958500669344
"236","3","5",0,0,0,0,1
"2043","5","5",0,0,0,0,1
"1647","3","5",0,0,0,0,1
"2380","5","5",0,0,0,0,1
"487","3","3",0.00274725274725275,0.00961538461538462,0.688186813186813,0.148351648351648,0.151098901098901
"2100","5","5",0,0,0,0,1
"131","1","5",0.00545702592087312,0.00818553888130969,0.0450204638472033,0.175989085948158,0.765347885402456
"1670","4","5",0,0,0,0,1
"582","4","5",0,0,0,0,1
"2044","4","5",0,0,0,0,1
"2418","4","5",0,0,0,0,1
"427","4","5",0,0,0.0483221476510067,0.21744966442953,0.734228187919463
"1402","4","5",0,0,0,0,1
"1944","5","5",0,0,0,0,1
"262","5","5",0,0,0,0,1
"2424","3","5",0,0,0,0,1
"1782","3","5",0,0,0,0,1
"325","5","5",0,0,0.0505992010652463,0.272969374167776,0.676431424766977
"1518","3","5",0,0,0,0.0152565880721221,0.984743411927878
"2111","4","5",0,0,0,0,1
"177","5","5",0,0,0,0,1
"1422","5","5",0,0,0,0,1
"1936","4","5",0,0,0.0803814713896458,0.0463215258855586,0.873297002724796
"1840","5","5",0,0,0,0,1
"2362","4","5",0,0,0,0,1
"1717","4","5",0,0,0,0,1
"290","2","5",0,0,0,0.00134589502018843,0.998654104979812
"1962","5","5",0,0,0.00140449438202247,0.0280898876404494,0.970505617977528
"2551","5","5",0,0,0,0,1
"1911","1","3",0.0244604316546763,0.0820143884892086,0.730935251798561,0.125179856115108,0.037410071942446
"292","5","5",0,0,0,0.00133333333333333,0.998666666666667
"416","2","5",0,0,0,0.00922266139657444,0.990777338603426
"361","3","5",0,0,0.029639175257732,0.275773195876289,0.694587628865979
"2190","5","5",0,0,0,0,1
"2242","4","5",0,0,0,0,1
"2393","5","5",0,0,0,0,1
"2163","3","5",0,0,0,0,1
"1805","5","5",0,0.00683994528043776,0.0533515731874145,0.0136798905608755,0.926128590971272
"2230","4","5",0,0,0,0,1
"14","5","5",0,0,0.081989247311828,0.108870967741935,0.809139784946237
"2327","5","5",0,0,0,0,1
"1439","5","5",0,0,0,0,1
"1605","5","5",0,0,0.00137174211248285,0.0219478737997256,0.976680384087791
"144","5","5",0,0,0,0.00282087447108604,0.997179125528914
"1462","5","3",0,0.00133511348464619,0.46328437917223,0.222963951935915,0.31241655540721
"2302","4","5",0,0,0,0,1
"565","5","5",0,0,0.0354706684856753,0.313778990450205,0.65075034106412
"2259","5","5",0,0,0,0,1
"141","1","5",0,0,0,0.00137362637362637,0.998626373626374
"2382","5","5",0,0,0,0,1
"1819","5","5",0,0.00408719346049046,0.0599455040871935,0.0122615803814714,0.923705722070845
"1678","3","5",0,0,0,0,1
"1610","3","5",0,0,0,0.0315934065934066,0.968406593406593
"577","3","5",0,0,0.0298507462686567,0.301221166892809,0.668928086838535
"2428","3","5",0,0,0,0,1
"197","5","5",0,0,0,0,1
"352","3","5",0,0,0.244413407821229,0.0279329608938547,0.727653631284916
"1740","5","5",0,0,0,0.00132275132275132,0.998677248677249
"2166","4","5",0,0,0,0,1
"430","3","5",0,0,0.0288858321870702,0.295735900962861,0.675378266850069
"2363","3","5",0,0,0,0,1
"2545","3","5",0,0,0,0,1
"2553","4","5",0,0,0,0,1
"1907","1","3",0.0178082191780822,0.108219178082192,0.702739726027397,0.128767123287671,0.0424657534246575
"1827","4","5",0,0,0,0,1
"47","2","5",0,0,0.0501981505944518,0.1889035667107,0.760898282694848
"74","4","5",0,0,0,0,1
"1450","3","5",0,0,0,0,1
"446","5","5",0,0,0,0,1
"388","2","5",0,0,0,0,1
"22","1","5",0,0,0,0,1
"1945","5","5",0,0,0,0,1
"593","2","5",0,0,0,0,1
"636","3","5",0,0,0,0,1
"631","5","5",0,0,0,0,1
"1912","2","3",0.0963687150837989,0.0209497206703911,0.715083798882682,0.124301675977654,0.0432960893854749
"1591","5","5",0,0,0,0,1
"640","3","5",0,0,0,0,1
"1510","3","5",0,0,0,0.0213618157543391,0.978638184245661
"165","5","5",0,0,0,0,1
"1712","5","5",0,0,0,0,1
"248","5","5",0,0,0,0.00542005420054201,0.994579945799458
"2157","3","5",0,0,0.040595399188092,0.273342354533153,0.686062246278755
"2310","5","5",0,0,0,0,1
"1937","4","5",0,0,0.08,0.0573333333333333,0.862666666666667
"73","5","5",0,0,0,0,1
"1766","5","5",0,0,0,0.00134770889487871,0.998652291105121
"1498","5","5",0,0,0,0,1
"428","5","5",0,0,0.0431266846361186,0.295148247978437,0.661725067385445
"1794","5","5",0,0,0,0,1
"2270","4","5",0,0,0,0,1
"644","5","5",0,0,0.0456989247311828,0.309139784946237,0.645161290322581
"2067","5","5",0,0,0,0.0026246719160105,0.99737532808399
"1596","5","5",0,0,0,0,1
"454","4","5",0,0,0,0,1
"1927","5","5",0,0,0.0975609756097561,0.0907859078590786,0.811653116531165
"243","5","5",0,0,0,0.00557880055788006,0.99442119944212
"641","3","5",0,0,0.0308988764044944,0.299157303370786,0.669943820224719
"170","5","5",0,0,0,0,1
"659","3","5",0,0,0.0310391363022942,0.287449392712551,0.681511470985155
"344","3","5",0,0,0.236772486772487,0.0238095238095238,0.739417989417989
"2365","4","5",0,0,0,0,1
"2521","4","5",0,0.00134589502018843,0.423956931359354,0.142664872139973,0.432032301480485
"2512","3","5",0,0,0,0,1
"617","3","4",0,0.00276243093922652,0.146408839779006,0.738950276243094,0.111878453038674
"610","4","4",0,0.0040595399188092,0.278755074424898,0.60893098782138,0.108254397834912
"2492","4","4",0,0.00409836065573771,0.277322404371585,0.602459016393443,0.116120218579235
"483","3","3",0.00132100396301189,0.00792602377807133,0.66446499339498,0.171730515191546,0.154557463672391
"1906","4","3",0.0945757997218359,0.111265646731572,0.737134909596662,0.0278164116828929,0.0292072322670376
"447","4","5",0,0,0,0,1
"2177","2","5",0,0,0,0,1
"1689","5","5",0,0,0,0,1
"158","5","5",0,0,0,0.00277392510402219,0.997226074895978
"1759","5","5",0,0,0,0.0027359781121751,0.997264021887825
"164","5","5",0,0,0,0,1
"2559","4","5",0,0,0,0,1
"1642","3","5",0,0,0,0,1
"2014","3","5",0,0,0.00137362637362637,0.0192307692307692,0.979395604395604
"13","5","5",0,0,0.0818791946308725,0.087248322147651,0.830872483221477
"380","5","5",0,0,0.0361930294906166,0.308310991957105,0.655495978552279
"1612","2","5",0,0,0,0.0184921763869132,0.981507823613087
"1675","5","5",0,0,0,0,1
"190","5","5",0,0,0,0,1
"110","3","5",0,0,0.0447154471544715,0.16260162601626,0.792682926829268
"2094","4","5",0,0,0,0,1
"2533","3","5",0,0.00134589502018843,0.332436069986541,0.207267833109018,0.458950201884253
"1847","3","5",0,0,0,0,1
"240","5","5",0,0,0,0,1
"2224","5","5",0,0,0,0,1
"493","5","3",0.00134589502018843,0.0053835800807537,0.833109017496635,0.122476446837147,0.0376850605652759
"2379","5","5",0,0,0,0,1
"2033","5","5",0,0,0,0,1
"1946","4","5",0,0,0,0,1
"390","4","5",0,0,0,0,1
"1877","1","3",0.044,0,0.592,0.0453333333333333,0.318666666666667
"514","4","5",0,0,0,0,1
"2078","1","5",0,0,0,0.00137174211248285,0.998628257887517
"2064","5","5",0,0,0,0.00143061516452074,0.998569384835479
"2092","2","5",0,0,0,0,1
"1900","4","5",0,0,0.0402219140083218,0.263522884882108,0.69625520110957
"149","5","5",0,0,0,0.00135869565217391,0.998641304347826
"115","3","5",0,0,0.0460251046025105,0.170153417015342,0.783821478382148
"129","5","5",0.0349462365591398,0.010752688172043,0.0725806451612903,0.252688172043011,0.629032258064516
"1512","4","5",0,0,0.00136798905608755,0.0205198358413133,0.978112175102599
"92","4","5",0,0,0,0,1
"31","4","5",0,0,0,0,1
"2348","4","5",0,0.00130208333333333,0.419270833333333,0.134114583333333,0.4453125
"34","5","5",0,0,0,0,1
"2400","4","5",0,0,0,0,1
"444","5","5",0,0,0,0,1
"2313","4","5",0,0,0,0,1
"1869","5","3",0.129380053908356,0,0.621293800539084,0.0431266846361186,0.206199460916442
"56","4","5",0,0,0.0637450199203187,0.143426294820717,0.792828685258964
"2022","4","5",0,0,0,0,1
"2261","3","5",0,0,0,0,1
"2326","2","5",0,0,0,0,1
"1464","5","3",0,0,0.428010471204189,0.219895287958115,0.352094240837696
"46","5","5",0,0,0.0681198910081744,0.201634877384196,0.730245231607629
"1765","5","5",0,0,0,0.00832177531206657,0.991678224687933
"1598","4","5",0,0,0,0,1
"1534","3","5",0,0,0,0,1
"1925","5","5",0,0,0.108036890645586,0.100131752305665,0.791831357048748
"282","3","5",0,0,0,0.00134048257372654,0.998659517426273
"130","2","5",0.018716577540107,0,0.0481283422459893,0.169786096256685,0.763368983957219
"1762","4","5",0,0,0,0,1
"511","3","5",0,0,0,0,1
"332","4","5",0,0,0.0441558441558442,0.24025974025974,0.715584415584416
"2455","5","5",0,0,0,0,1
"1992","3","5",0,0,0,0,1
"1590","5","5",0,0,0,0,1
"1848","5","5",0,0,0,0,1
"1456","4","5",0,0,0,0,1
"1614","4","5",0,0,0.00137174211248285,0.00960219478737997,0.989026063100137
"72","4","5",0,0,0,0,1
"2176","4","5",0,0,0,0,1
"1669","3","5",0,0,0,0,1
"277","3","5",0,0,0,0,1
"171","5","5",0,0,0,0,1
"1560","2","5",0,0,0,0,1
"2519","5","5",0,0,0,0,1
"2413","4","5",0,0,0,0,1
"2481","4","4",0,0.00146412884333821,0.266471449487555,0.61493411420205,0.117130307467057
"522","5","5",0,0,0.0410396716826265,0.299589603283174,0.6593707250342
"289","4","5",0,0,0,0,1
"630","5","5",0,0,0,0,1
"1676","3","5",0,0,0,0,1
"7","4","5",0,0,0.0882740447957839,0.0527009222661397,0.859025032938076
"554","4","5",0,0,0.0455840455840456,0.257834757834758,0.696581196581197
"2063","5","5",0,0,0,0.0028735632183908,0.997126436781609
"394","5","5",0,0,0,0,1
"2531","2","5",0,0,0.403292181069959,0.168724279835391,0.42798353909465
"1680","3","5",0,0,0,0,1
"2249","3","5",0,0,0,0,1
"609","5","4",0,0.00409276944065484,0.242837653478854,0.682128240109141,0.0709413369713506
"385","3","5",0,0,0,0,1
"1655","1","5",0,0,0,0,1
"2227","5","5",0,0,0,0,1
"479","5","5",0,0,0.0431372549019608,0.30718954248366,0.649673202614379
"1403","3","5",0,0,0,0,1
"2454","4","5",0,0,0,0,1
"2041","4","5",0,0,0,0,1
"259","5","5",0,0,0,0.00706214689265537,0.992937853107345
"1435","2","5",0,0,0,0,1
"424","5","5",0,0,0.0360610263522885,0.289875173370319,0.674063800277393
"1736","5","5",0,0,0,0.00268456375838926,0.997315436241611
"2497","4","4",0,0.00409836065573771,0.274590163934426,0.612021857923497,0.109289617486339
"354","5","5",0,0,0.370512820512821,0.0282051282051282,0.601282051282051
"2020","5","5",0,0,0.00400534045393859,0.0280373831775701,0.967957276368491
"2409","3","5",0,0,0,0,1
"1617","5","5",0,0,0,0.0196592398427261,0.980340760157274
"1585","3","5",0,0,0,0,1
"1783","5","5",0,0,0,0,1
"359","5","5",0,0,0.398907103825137,0.0300546448087432,0.57103825136612
"635","3","5",0,0,0,0,1
"2453","3","5",0,0,0,0,1
"1468","3","5",0,0.00138504155124654,0.325484764542936,0.203601108033241,0.469529085872576
"2264","5","5",0,0,0,0,1
"399","4","5",0,0,0,0,1
"374","4","5",0,0,0.0488126649076517,0.233509234828496,0.717678100263852
"2215","5","5",0,0,0,0,1
"1882","4","5",0,0,0.0482573726541555,0.253351206434316,0.698391420911528
"378","3","5",0,0,0.0208333333333333,0.288888888888889,0.690277777777778
"1878","3","3",0.179521276595745,0,0.397606382978723,0.0585106382978723,0.36436170212766
"612","3","4",0,0.00412087912087912,0.15521978021978,0.725274725274725,0.115384615384615
"1641","5","5",0,0,0,0,1
"2096","3","5",0,0,0,0,1
"1454","5","5",0,0,0,0,1
"211","5","5",0,0,0.00263852242744063,0.0224274406332454,0.974934036939314
"1865","3","3",0.18007662835249,0,0.411238825031928,0.0561941251596424,0.352490421455939
"1976","5","5",0,0,0.00277008310249307,0.0318559556786704,0.965373961218837
"309","2","5",0,0,0,0,1
"358","3","5",0,0,0.240268456375839,0.0241610738255034,0.735570469798658
"1495","4","5",0,0,0,0,1
"1564","3","5",0,0,0.0467762326169406,0.171934260429836,0.781289506953224
"2415","5","5",0,0,0,0,1
"586","3","5",0,0,0,0,1
"488","3","3",0,0.010958904109589,0.686301369863014,0.143835616438356,0.158904109589041
"2051","4","5",0,0,0,0,1
"1787","2","5",0,0,0,0,1
"119","5","5",0,0,0.0613668061366806,0.210599721059972,0.728033472803347
"1891","2","5",0,0,0.0297699594046008,0.282814614343708,0.687415426251691
"2465","5","5",0,0,0,0,1
"313","4","5",0,0,0,0,1
"2387","5","5",0,0,0,0,1
"1613","4","5",0,0,0.0028169014084507,0.0169014084507042,0.980281690140845
"1788","3","5",0,0,0,0,1
"1772","2","5",0,0,0,0.00542005420054201,0.994579945799458
"1853","4","5",0,0,0,0,1
"1671","2","5",0,0,0,0,1
"382","5","5",0,0,0,0,1
"2009","5","5",0,0,0,0.02,0.98
"1981","4","5",0,0,0,0,1
"276","5","5",0,0,0,0,1
"205","5","5",0,0,0.00552486187845304,0.0290055248618785,0.965469613259669
"137","4","5",0.0342465753424658,0.00684931506849315,0.0602739726027397,0.0904109589041096,0.808219178082192
"37","4","5",0,0,0,0,1
"41","4","5",0,0,0.0584144645340751,0.119610570236439,0.821974965229485
"587","2","5",0,0,0,0,1
"125","4","5",0.0258152173913043,0.00407608695652174,0.0557065217391304,0.0760869565217391,0.838315217391304
"1526","4","5",0,0,0,0,1
"1624","3","5",0,0,0,0,1
"272","5","5",0,0,0,0,1
"296","5","5",0,0,0,0,1
"65","4","5",0,0,0,0,1
"1594","5","5",0,0,0,0,1
"1589","5","5",0,0,0,0,1
"28","5","5",0,0,0,0,1
"459","4","5",0,0,0,0,1
"1806","5","5",0,0.00537634408602151,0.0551075268817204,0.010752688172043,0.928763440860215
"2329","5","5",0,0,0,0,1
"1854","3","5",0,0,0,0,1
"1904","4","3",0.114441416893733,0.0994550408719346,0.711171662125341,0.0381471389645777,0.0367847411444142
"2578","4","5",0,0,0,0,1
"1859","5","5",0,0,0,0,1
"2371","2","5",0,0,0,0,1
"1741","5","5",0,0,0,0.0107095046854083,0.989290495314592
"67","5","5",0,0,0,0,1
"2535","3","5",0,0.00141043723554302,0.287729196050776,0.218617771509168,0.492242595204513
"1449","5","5",0,0,0,0,1
"576","5","5",0,0,0.0438829787234043,0.309840425531915,0.646276595744681
"91","3","5",0,0,0,0,1
"2010","2","5",0,0,0.00136612021857923,0.0218579234972678,0.976775956284153
"1582","5","5",0,0,0,0,1
"1429","5","5",0,0,0,0,1
"2429","4","5",0,0,0,0,1
"1727","4","5",0,0,0,0.00134770889487871,0.998652291105121
"351","4","5",0,0,0.303155006858711,0.00823045267489712,0.688614540466392
"2218","5","5",0,0,0,0,1
"1501","3","5",0,0,0.00138504155124654,0.0166204986149584,0.981994459833795
"2395","5","5",0,0,0,0,1
"1666","5","5",0,0,0,0,1
"64","4","5",0,0,0,0,1
"2396","3","5",0,0,0,0,1
"38","4","5",0,0,0,0,1
"1948","4","5",0,0,0,0,1
"1492","4","5",0,0,0,0,1
"2314","5","5",0,0,0,0,1
"1753","5","5",0,0,0,0.00560224089635854,0.994397759103641
"566","4","5",0,0,0.0359520639147803,0.255659121171771,0.708388814913449
"1667","5","5",0,0,0,0,1
"648","3","5",0,0,0.0355677154582763,0.27359781121751,0.690834473324213
"406","5","5",0,0,0,0.00807537012113055,0.991924629878869
"1674","1","5",0,0,0,0,1
"2001","5","5",0,0,0.00137741046831956,0.0192837465564738,0.979338842975207
"189","4","5",0,0,0,0,1
"1747","4","5",0,0,0,0.00672043010752688,0.993279569892473
"1623","4","5",0,0,0,0,1
"1975","3","5",0,0,0.00285714285714286,0.0214285714285714,0.975714285714286
"2425","4","5",0,0,0,0,1
"2225","3","5",0,0,0,0,1
"1504","3","5",0,0,0.00133689839572193,0.0213903743315508,0.977272727272727
"2308","4","5",0,0,0,0,1
"2286","5","5",0,0,0.0201342281879195,0.00134228187919463,0.978523489932886
"2191","5","5",0,0,0,0,1
"1547","5","5",0,0,0,0,1
"1529","5","5",0,0,0,0,1
"176","5","5",0,0,0,0,1
"1801","5","5",0,0.0051413881748072,0.06426735218509,0.0154241645244216,0.915167095115681
"1472","2","5",0,0,0.388736263736264,0.192307692307692,0.418956043956044
"100","5","5",0,0,0,0,1
"260","5","5",0,0,0,0.00675675675675676,0.993243243243243
"2495","3","4",0,0.00268456375838926,0.170469798657718,0.722147651006711,0.104697986577181
"1876","3","3",0.173854447439353,0,0.402964959568733,0.0592991913746631,0.363881401617251
"2081","4","5",0,0,0,0,1
"471","3","5",0,0,0.025,0.276315789473684,0.698684210526316
"2444","5","5",0,0,0,0,1
"1973","4","5",0,0,0.00271370420624152,0.0203527815468114,0.976933514246947
"2315","5","5",0,0,0,0,1
"2237","3","5",0,0,0,0,1
"1961","3","5",0,0,0.00141442715700141,0.0183875530410184,0.98019801980198
"268","4","5",0,0,0,0,1
"2129","4","5",0,0,0,0,1
"2068","4","5",0,0,0,0.00137174211248285,0.998628257887517
"559","1","5",0,0,0.0315068493150685,0.268493150684932,0.7
"1640","3","5",0,0,0,0,1
"414","3","5",0,0,0,0.00660501981505945,0.993394980184941
"1709","5","5",0,0,0,0,1
"429","5","5",0,0,0.0452729693741678,0.287616511318242,0.66711051930759
"435","4","5",0,0,0.0556348074179743,0.241084165477889,0.703281027104137
"279","5","5",0,0,0,0,1
"2158","5","5",0,0,0.0446927374301676,0.279329608938547,0.675977653631285
"80","5","5",0,0,0,0,1
"2080","5","5",0,0,0,0.00131926121372032,0.99868073878628
"616","4","4",0,0.00267737617135207,0.282463186077644,0.595716198125837,0.119143239625167
"1769","2","5",0,0,0,0.00556328233657858,0.994436717663421
"233","1","5",0,0,0,0,1
"1571","5","5",0,0,0.0701513067400275,0.192572214580468,0.737276478679505
"343","4","5",0,0,0.305177111716621,0.0122615803814714,0.682561307901907
"1933","3","5",0,0,0.0501930501930502,0.0990990990990991,0.850707850707851
"135","3","5",0.0281293952180028,0,0.0112517580872011,0.168776371308017,0.791842475386779
"532","4","5",0,0,0.0460358056265985,0.239130434782609,0.714833759590793
"1406","5","5",0,0,0,0,1
"1978","5","5",0,0,0.00272479564032698,0.0272479564032698,0.970027247956403
"2354","5","3",0,0.00139082058414465,0.436717663421419,0.221140472878999,0.340751043115438
"1993","3","5",0,0,0,0,1
"1546","3","5",0,0,0,0,1
"49","5","5",0,0,0.0705035971223022,0.197122302158273,0.732374100719424
"1658","5","5",0,0,0,0,1
"2276","4","5",0,0,0,0,1
"1808","3","5",0,0.00418994413407821,0.0195530726256983,0.0111731843575419,0.965083798882682
"2228","4","5",0,0,0,0,1
"619","3","4",0,0.00134770889487871,0.138814016172507,0.73989218328841,0.119946091644205
"2464","3","5",0,0,0,0,1
"1558","4","5",0,0,0,0,1
"349","3","5",0,0,0.225352112676056,0.0197183098591549,0.754929577464789
"2089","4","5",0,0,0,0,1
"2487","4","4",0,0.0013531799729364,0.282814614343708,0.600811907983762,0.115020297699594
"48","4","5",0,0,0.0640113798008535,0.116642958748222,0.819345661450925
"2445","5","5",0,0,0,0,1
"203","4","5",0,0,0.0013550135501355,0.0176151761517615,0.981029810298103
"2502","4","5",0,0,0,0,1
"549","4","5",0,0,0.0424929178470255,0.245042492917847,0.712464589235127
"2390","5","5",0,0,0,0,1
"1842","4","5",0,0,0,0,1
"1718","5","5",0,0,0,0,1
"1706","5","5",0,0,0,0,1
"2353","3","5",0,0,0.329512893982808,0.207736389684814,0.462750716332378
"525","1","5",0,0,0.0331564986737401,0.274535809018568,0.692307692307692
"2368","4","5",0,0,0,0,1
"19","4","5",0,0,0.0824022346368715,0.0418994413407821,0.875698324022346
"1476","5","3",0,0.00133511348464619,0.453938584779706,0.233644859813084,0.311081441922563
"2566","5","5",0,0,0,0,1
"2186","4","5",0,0,0,0,1
"62","4","5",0,0,0,0,1
"329","4","5",0,0,0.0486111111111111,0.266666666666667,0.684722222222222
"558","4","5",0,0,0.0422343324250681,0.26158038147139,0.696185286103542
"2165","1","5",0,0,0,0,1
"1866","5","3",0.14868804664723,0,0.610787172011662,0.0583090379008746,0.182215743440233
"1488","5","5",0,0,0,0,1
"2060","4","5",0,0,0,0,1
"9","5","5",0,0,0.100942126514132,0.0928667563930013,0.806191117092867
"1979","4","5",0,0,0.00130718954248366,0.0065359477124183,0.992156862745098
"2451","5","5",0,0,0,0,1
"227","5","5",0,0,0,0,1
"2467","2","5",0,0,0,0,1
"310","4","5",0,0,0,0,1
"1804","5","5",0,0.0054127198917456,0.060893098782138,0.0094722598105548,0.924221921515562
"1482","4","5",0,0,0,0,1
"2473","2","5",0,0,0,0,1
"371","5","5",0,0,0.056953642384106,0.321854304635762,0.621192052980132
"1479","5","3",0,0.00138888888888889,0.465277777777778,0.191666666666667,0.341666666666667
"2113","5","5",0,0,0,0,1
"1725","1","5",0,0,0,0.00140845070422535,0.998591549295775
"2134","3","5",0,0,0,0,1
"507","4","5",0,0,0,0,1
"188","5","5",0,0,0,0,1
"646","1","5",0,0,0.0498652291105121,0.287061994609164,0.663072776280323
"187","3","5",0,0,0,0,1
"2015","5","5",0,0,0.00407608695652174,0.016304347826087,0.979619565217391
"1757","4","5",0,0,0,0.00271370420624152,0.997286295793758
"239","5","5",0,0,0,0,1
"50","2","5",0,0,0.0452054794520548,0.16986301369863,0.784931506849315
"460","4","5",0,0,0,0,1
"2036","5","5",0,0,0,0,1
"1998","2","5",0,0,0,0,1
"235","3","5",0,0,0,0,1
"2160","5","5",0,0,0.040650406504065,0.33739837398374,0.621951219512195
"2298","5","5",0,0,0.0214190093708166,0.00133868808567604,0.977242302543507
"1408","4","5",0,0,0,0,1
"1897","5","5",0,0,0.0549450549450549,0.284340659340659,0.660714285714286
"2159","3","5",0,0,0.0316804407713499,0.279614325068871,0.68870523415978
"496","5","3",0,0.00938337801608579,0.82573726541555,0.134048257372654,0.0308310991957105
"155","5","5",0,0,0,0.00281293952180028,0.9971870604782
"383","5","5",0,0,0,0,1
"1649","3","5",0,0,0,0,1
"2511","3","5",0,0,0,0,1
"2484","4","4",0,0.0026246719160105,0.284776902887139,0.598425196850394,0.114173228346457
"198","5","5",0,0,0,0,1
"2132","3","5",0,0,0,0,1
"1708","5","5",0,0,0,0,1
"78","4","5",0,0,0,0,1
"1835","3","5",0,0,0,0,1
"2303","3","5",0,0,0,0,1
"1497","5","5",0,0,0,0,1
"2167","3","5",0,0,0,0,1
"225","4","5",0,0,0,0,1
"2463","3","5",0,0,0,0,1
"2077","4","5",0,0,0,0.00131752305665349,0.998682476943347
"481","3","3",0.00277777777777778,0.0111111111111111,0.668055555555556,0.1625,0.155555555555556
"2250","3","5",0,0,0,0,1
"128","5","5",0.0343007915567282,0.0079155672823219,0.0593667546174142,0.213720316622691,0.684696569920844
"220","5","5",0,0,0.00137741046831956,0.0247933884297521,0.973829201101928
"2503","3","5",0,0,0,0,1
"2443","3","5",0,0,0,0,1
"2322","5","5",0,0,0,0,1
"1619","4","5",0,0,0.00398936170212766,0.0146276595744681,0.981382978723404
"1916","3","3",0.108254397834912,0.123139377537212,0.56021650879567,0.163734776725304,0.0446549391069012
"1924","5","5",0,0,0.110539845758355,0.0822622107969152,0.80719794344473
"35","5","5",0,0,0,0,1
"475","5","5",0,0,0.0531088082901554,0.300518134715026,0.646373056994819
"2240","2","5",0,0,0,0,1
"2281","5","5",0,0,0.0212483399734396,0.00132802124833997,0.97742363877822
"531","4","5",0,0,0.0519125683060109,0.259562841530055,0.688524590163934
"350","3","5",0,0,0.230555555555556,0.0291666666666667,0.740277777777778
"1440","5","5",0,0,0,0,1
"594","5","5",0,0,0,0,1
"1527","5","5",0,0,0,0,1
"5","5","5",0,0,0.0893098782138024,0.106901217861976,0.803788903924222
"2532","3","5",0,0.00134048257372654,0.339142091152815,0.201072386058981,0.458445040214477
"1964","5","5",0,0,0.00271370420624152,0.0230664857530529,0.974219810040706
"1411","3","5",0,0,0,0,1
"1845","3","5",0,0,0,0,1
"2300","5","5",0,0,0.0229419703103914,0.00134952766531714,0.975708502024291
"210","5","5",0,0,0.0025974025974026,0.025974025974026,0.971428571428571
"606","4","4",0,0.00405405405405405,0.27972972972973,0.587837837837838,0.128378378378378
"2214","5","5",0,0,0,0,1
"2066","5","5",0,0,0,0.00264200792602378,0.997357992073976
"199","5","5",0,0,0,0,1
"2523","5","3",0,0,0.423776223776224,0.233566433566434,0.342657342657343
"2549","4","5",0,0,0,0,1
"206","4","5",0,0,0.00135685210312076,0.0230664857530529,0.975576662143826
"1665","4","5",0,0,0,0,1
"1448","5","5",0,0,0,0,1
"1817","3","5",0,0.00277777777777778,0.0111111111111111,0.00277777777777778,0.983333333333333
"637","5","5",0,0,0,0,1
"1785","4","5",0,0,0,0,1
"2288","5","5",0,0,0.0217391304347826,0.00135869565217391,0.976902173913043
"2188","4","5",0,0,0,0,1
"528","4","5",0,0,0.0357634112792297,0.247592847317744,0.716643741403026
"2335","5","5",0,0,0,0,1
"1428","5","5",0,0,0,0,1
"1576","3","5",0,0,0.023643949930459,0.178025034770515,0.798331015299026
"2267","5","5",0,0,0,0,1
"1588","2","5",0,0,0,0,1
"195","5","5",0,0,0,0,1
"473","4","5",0,0,0.0525606469002695,0.252021563342318,0.695417789757412
"68","2","5",0,0,0,0,1
"2287","3","5",0,0,0.00136425648021828,0.00136425648021828,0.997271487039563
"653","3","5",0,0,0.0228898426323319,0.294706723891273,0.682403433476395
"1549","5","5",0,0,0,0,1
"1687","2","5",0,0,0,0,1
"1615","5","5",0,0,0.00283687943262411,0.0198581560283688,0.977304964539007
"1447","2","5",0,0,0,0,1
"303","5","5",0,0,0,0,1
"1425","2","5",0,0,0,0,1
"2560","3","5",0,0,0,0,1
"2139","1","5",0,0,0,0,1
"1423","1","5",0,0,0,0,1
"2130","4","5",0,0,0,0,1
"2364","3","5",0,0,0,0,1
"1791","3","5",0,0,0,0,1
"1702","3","5",0,0,0,0,1
"2499","5","4",0,0.00139470013947001,0.214783821478382,0.704323570432357,0.0794979079497908
"1797","3","5",0,0,0,0,1
"302","3","5",0,0,0,0,1
"1959","5","5",0,0,0,0,1
"2527","5","3",0,0,0.45374449339207,0.221732745961821,0.324522760646109
"2423","3","5",0,0,0,0,1
"2090","2","5",0,0,0,0,1
"1892","3","5",0,0,0.0350631136044881,0.277699859747546,0.687237026647966
"461","2","5",0,0,0.036745406824147,0.28740157480315,0.675853018372703
"2221","4","5",0,0,0,0,1
"393","4","5",0,0,0,0,1
"545","4","5",0,0,0.0462585034013605,0.238095238095238,0.715646258503401
"410","4","5",0,0,0,0.00414364640883978,0.99585635359116
"1521","4","5",0,0,0,0,1
"1813","5","5",0,0.00517464424320828,0.0582147477360931,0.0103492884864166,0.926261319534282
"32","4","5",0,0,0,0,1
"2543","5","5",0,0,0,0,1
"2075","3","5",0,0,0,0,1
"1645","4","5",0,0,0,0,1
"1415","5","5",0,0,0,0,1
"1660","3","5",0,0,0,0,1
"2187","4","5",0,0,0,0,1
"126","5","5",0.0253671562082777,0.00534045393858478,0.0534045393858478,0.212283044058745,0.703604806408545
"2439","5","5",0,0,0,0,1
"1816","5","5",0,0.00512820512820513,0.0628205128205128,0.0141025641025641,0.917948717948718
"258","5","5",0,0,0,0.00681198910081744,0.993188010899183
"1823","5","5",0,0,0,0,1
"94","4","5",0,0,0,0,1
"377","4","5",0,0,0.0412087912087912,0.251373626373626,0.707417582417582
"1664","4","5",0,0,0,0,1
"1577","5","5",0,0,0.0697674418604651,0.19015047879617,0.740082079343365
"1502","4","5",0,0,0.00256739409499358,0.0102695763799743,0.987163029525032
"1990","4","5",0,0,0,0,1
"1965","4","5",0,0,0.00268817204301075,0.0161290322580645,0.981182795698925
"426","4","5",0,0,0.0352781546811398,0.255088195386703,0.709633649932157
"333","2","5",0,0,0.0376044568245125,0.274373259052925,0.688022284122563
"2216","3","5",0,0,0,0,1
"2107","4","5",0,0,0,0,1
"2099","4","5",0,0,0,0,1
"391","5","5",0,0,0,0,1
"1570","3","5",0,0,0.0400534045393858,0.162883845126836,0.797062750333778
"1427","2","5",0,0,0,0,1
"2206","4","5",0,0,0,0,1
"2247","5","5",0,0,0,0,1
"2493","2","4",0,0.00134952766531714,0.240215924426451,0.658569500674764,0.0998650472334683
"2567","2","5",0,0,0,0,1
"2035","5","5",0,0,0,0,1
"445","5","5",0,0,0,0,1
"595","4","5",0,0,0,0,1
"538","4","5",0,0,0.0584878744650499,0.241084165477889,0.700427960057061
"2019","5","5",0,0,0.00271370420624152,0.0271370420624152,0.970149253731343
"2450","5","5",0,0,0,0,1
"2037","5","5",0,0,0,0,1
"2339","5","5",0,0,0,0,1
"2544","3","5",0,0,0,0,1
"1792","3","5",0,0,0,0,1
"196","2","5",0,0,0,0,1
"2137","5","5",0,0,0,0,1
"560","4","5",0,0,0.0468085106382979,0.225531914893617,0.727659574468085
"2556","3","5",0,0,0,0,1
"2510","5","5",0,0,0,0,1
"1663","4","5",0,0,0,0,1
"509","2","5",0,0,0,0,1
"1713","4","5",0,0,0,0,1
"234","4","5",0,0,0,0,1
"1630","4","5",0,0,0,0,1
"2479","2","5",0,0,0,0,1
"548","4","5",0,0,0.0419485791610284,0.265223274695535,0.692828146143437
"1977","4","5",0,0,0.00132275132275132,0.00793650793650794,0.990740740740741
"2268","5","5",0,0,0,0,1
"1638","4","5",0,0,0,0,1
"29","2","5",0,0,0,0,1
"2426","4","5",0,0,0,0,1
"1657","5","5",0,0,0,0,1
"2198","5","5",0,0,0,0,1
"1745","4","5",0,0,0,0.00289435600578871,0.997105643994211
"1838","5","5",0,0,0,0,1
"2115","4","5",0,0,0,0,1
"2121","1","5",0,0,0,0,1
"71","3","5",0,0,0,0,1
"278","5","5",0,0,0,0,1
"2290","5","5",0,0,0.0211920529801325,0.00132450331125828,0.977483443708609
"307","4","5",0,0,0,0,1
"2234","4","5",0,0,0,0,1
"2571","5","5",0,0,0,0,1
"384","5","5",0,0,0,0,1
"2223","5","5",0,0,0,0,1
"2580","3","5",0,0,0,0,1
"2018","5","5",0,0,0.00142450142450142,0.0170940170940171,0.981481481481482
"1719","4","5",0,0,0,0,1
"1793","4","5",0,0,0,0,1
"2256","5","5",0,0,0,0,1
"2244","4","5",0,0,0,0,1
"452","5","5",0,0,0,0,1
"626","1","5",0,0,0,0,1
"1522","5","5",0,0,0,0,1
"495","4","3",0,0.00906735751295337,0.821243523316062,0.0479274611398964,0.121761658031088
"283","5","5",0,0,0,0.0028328611898017,0.997167138810198
"2200","5","5",0,0,0,0,1
"2536","5","3",0,0.00285306704707561,0.466476462196862,0.215406562054208,0.315263908701855
"407","5","5",0,0,0,0.00428571428571429,0.995714285714286
"54","4","5",0,0,0.0729312762973352,0.113604488078541,0.813464235624123
"1602","5","5",0,0,0.0026525198938992,0.0225464190981432,0.974801061007958
"569","4","5",0,0,0.0291666666666667,0.243055555555556,0.727777777777778
"1699","3","5",0,0,0,0,1
"534","4","5",0,0,0.0349932705248991,0.231493943472409,0.733512786002692
"2471","5","5",0,0,0,0,1
"465","3","5",0,0,0.0304635761589404,0.278145695364238,0.691390728476821
"160","5","5",0,0,0,0.0013986013986014,0.998601398601399
"2098","2","5",0,0,0,0,1
"438","2","5",0,0,0.0293706293706294,0.268531468531469,0.702097902097902
"2275","2","5",0,0,0,0,1
"297","5","5",0,0,0,0.00260756192959583,0.997392438070404
"2140","5","5",0,0,0,0,1
"1688","1","5",0,0,0,0,1
"1987","1","5",0,0,0,0,1
"2007","5","5",0,0,0.00392156862745098,0.0235294117647059,0.972549019607843
"604","5","4",0,0.00140449438202247,0.22752808988764,0.682584269662921,0.0884831460674157
"300","4","5",0,0,0,0.0027972027972028,0.997202797202797
"1421","3","5",0,0,0,0,1
"2483","5","4",0,0.0038860103626943,0.208549222797927,0.702072538860104,0.0854922279792746
"2427","5","5",0,0,0,0,1
"4","3","5",0,0,0.0581867388362652,0.0920162381596752,0.84979702300406
"1908","3","3",0.133074935400517,0.127906976744186,0.527131782945736,0.162790697674419,0.0490956072351421
"1849","4","5",0,0,0,0,1
"2280","3","5",0,0,0,0,1
"294","2","5",0,0,0,0.00280898876404494,0.997191011235955
"2148","2","5",0,0,0.0321678321678322,0.297902097902098,0.66993006993007
"2232","4","5",0,0,0,0,1
"1461","5","3",0,0.00139082058414465,0.433936022253129,0.216968011126565,0.347705146036161
"1971","3","5",0,0,0,0.0160213618157543,0.983978638184246
"492","4","3",0.00131752305665349,0.0105401844532279,0.826086956521739,0.0368906455862978,0.125164690382082
"1685","5","5",0,0,0,0,1
"1758","5","5",0,0,0,0.00837988826815642,0.991620111731844
"1541","3","5",0,0,0,0,1
"1707","4","5",0,0,0,0,1
"478","5","5",0,0,0.0367847411444142,0.299727520435967,0.663487738419619
"1557","3","5",0,0,0,0,1
"405","4","5",0,0,0,0,1
"222","4","5",0,0,0,0,1
"402","3","5",0,0,0,0.00508259212198221,0.994917407878018
"1442","4","5",0,0,0,0,1
"185","5","5",0,0,0,0,1
"285","5","5",0,0,0,0,1
"2433","4","5",0,0,0,0,1
"308","3","5",0,0,0,0,1
"136","4","5",0.0284974093264249,0.00647668393782383,0.0544041450777202,0.0893782383419689,0.821243523316062
"1698","3","5",0,0,0,0,1
"2361","5","5",0,0,0,0,1
"2459","4","5",0,0,0,0,1
"166","5","5",0,0,0,0,1
"117","3","5",0,0,0.0357142857142857,0.202857142857143,0.761428571428571
"575","3","5",0,0,0.0341530054644809,0.299180327868852,0.666666666666667
"441","4","5",0,0,0,0,1
"1620","3","5",0,0,0,0.0278164116828929,0.972183588317107
"1430","3","5",0,0,0,0,1
"451","4","5",0,0,0,0,1
"409","3","5",0,0,0,0.00707213578500707,0.992927864214993
"1445","3","5",0,0,0,0,1
"2572","2","5",0,0,0,0,1
"1469","3","5",0,0.00141242937853107,0.305084745762712,0.233050847457627,0.46045197740113
"1659","2","5",0,0,0,0,1
"2565","5","5",0,0,0,0,1
"2052","3","5",0,0,0,0,1
"2346","3","5",0,0.00266666666666667,0.348,0.178666666666667,0.470666666666667
"2446","5","5",0,0,0,0,1
"2193","4","5",0,0,0,0,1
"145","5","5",0,0,0,0.00131752305665349,0.998682476943347
"2524","4","5",0,0.0013262599469496,0.407161803713528,0.144562334217507,0.446949602122016
"51","4","5",0,0,0.079155672823219,0.141160949868074,0.779683377308707
"207","5","5",0,0,0.00277392510402219,0.0235783633841886,0.973647711511789
"1405","3","5",0,0,0,0,1
"1695","3","5",0,0,0,0,1
"1457","4","5",0,0,0,0,1
"567","5","5",0,0,0.0425824175824176,0.28021978021978,0.677197802197802
"271","5","5",0,0,0,0,1
"2122","3","5",0,0,0,0,1
"1915","3","3",0.118758434547908,0.126855600539811,0.550607287449393,0.155195681511471,0.048582995951417
"2047","3","5",0,0,0,0,1
"550","3","5",0,0,0.0286085825747724,0.267880364109233,0.703511053315995
"1818","5","5",0,0.00551724137931034,0.0731034482758621,0.0110344827586207,0.910344827586207
"2501","5","5",0,0,0,0,1
"1938","5","5",0,0,0.0945945945945946,0.0702702702702703,0.835135135135135
"134","5","5",0.0434153400868307,0.00578871201157742,0.065123010130246,0.224312590448625,0.661360347322721
"1730","3","5",0,0,0,0.00281293952180028,0.9971870604782
"323","5","5",0,0,0.0416666666666667,0.30510752688172,0.653225806451613
"1692","4","5",0,0,0,0,1
"1836","5","5",0,0,0,0,1
"1767","4","5",0,0,0,0.004,0.996
"1673","5","5",0,0,0,0,1
"1626","4","5",0,0,0,0,1
"1830","5","5",0,0,0,0,1
"168","5","5",0,0,0,0,1
"2321","5","5",0,0,0,0,1
"1728","5","5",0,0,0,0.00135685210312076,0.998643147896879
"1693","4","5",0,0,0,0,1
"246","5","5",0,0,0,0.00557880055788006,0.99442119944212
"8","3","5",0,0,0.0461095100864553,0.0893371757925072,0.864553314121037
"1682","5","5",0,0,0,0,1
"1554","1","5",0,0,0,0,1
"1710","5","5",0,0,0,0,1
"2349","4","5",0,0.00143061516452074,0.422031473533619,0.123032904148784,0.453505007153076
"2505","3","5",0,0,0,0,1
"1644","3","5",0,0,0,0,1
"2131","2","5",0,0,0,0,1
"253","5","5",0,0,0,0.00632911392405063,0.993670886075949
"1920","2","3",0.0906630581867388,0.0162381596752368,0.72936400541272,0.124492557510149,0.0392422192151556
"2091","5","5",0,0,0,0,1
"2388","5","5",0,0,0,0,1
"1705","4","5",0,0,0,0,1
"167","4","5",0,0,0,0,1
"2374","5","5",0,0,0,0,1
"1786","3","5",0,0,0,0,1
"132","4","5",0.0327868852459016,0.00819672131147541,0.0573770491803279,0.0846994535519126,0.816939890710383
"263","5","5",0,0,0,0,1
"356","2","5",0,0,0.322033898305085,0.0169491525423729,0.661016949152542
"2197","3","5",0,0,0,0,1
"1533","5","5",0,0,0,0,1
"1493","4","5",0,0,0,0,1
"1958","5","5",0,0,0,0,1
"2238","5","5",0,0,0,0,1
"2343","4","5",0,0.00138121546961326,0.421270718232044,0.125690607734807,0.451657458563536
"2013","5","5",0,0,0.00254777070063694,0.024203821656051,0.973248407643312
"2000","1","5",0,0,0,0,1
"1681","2","5",0,0,0,0,1
"578","3","5",0,0,0.0279627163781625,0.299600532623169,0.672436750998668
"1420","3","5",0,0,0,0,1
"2192","4","5",0,0,0,0,1
"116","5","5",0,0,0.0704225352112676,0.2,0.729577464788732
"2253","3","5",0,0,0,0,1
"1466","4","5",0,0.0013550135501355,0.414634146341463,0.134146341463415,0.449864498644986
"1539","5","5",0,0,0,0,1
"221","5","5",0,0,0,0,1
"1573","5","5",0,0,0.0675105485232067,0.216596343178622,0.715893108298172
"2325","4","5",0,0,0,0,1
"1776","5","5",0,0,0,0.0078740157480315,0.992125984251969
"1886","3","5",0,0,0.026525198938992,0.26790450928382,0.705570291777188
"552","5","5",0,0,0.0447154471544715,0.319783197831978,0.63550135501355
"2143","5","5",0,0,0.037956204379562,0.303649635036496,0.658394160583942
"104","3","5",0,0,0.0307898259705489,0.187416331994645,0.781793842034806
"415","5","5",0,0,0,0.00276243093922652,0.997237569060773
"1855","3","5",0,0,0,0,1
"1694","2","5",0,0,0,0,1
"1970","5","5",0,0,0,0.0284900284900285,0.971509971509972
"2039","5","5",0,0,0,0,1
"2500","4","4",0,0.00516129032258065,0.285161290322581,0.598709677419355,0.110967741935484
"1535","5","5",0,0,0,0,1
"1444","4","5",0,0,0,0,1
"1834","4","5",0,0,0,0,1
"1593","5","5",0,0,0,0,1
"1942","4","5",0,0,0,0,1
"512","4","5",0,0,0,0,1
"2149","3","5",0,0,0.0299479166666667,0.287760416666667,0.682291666666667
"1621","5","5",0,0,0,0,1
"2316","2","5",0,0,0,0,1
"2541","5","5",0,0,0,0,1
"2468","5","5",0,0,0,0,1
"2328","5","5",0,0,0,0,1
"470","3","5",0,0,0.0369393139841689,0.281002638522427,0.682058047493404
"1831","4","5",0,0,0,0,1
"154","5","5",0,0,0,0.00131233595800525,0.998687664041995
"2342","3","5",0,0.00137174211248285,0.316872427983539,0.213991769547325,0.467764060356653
"360","3","5",0,0,0.230874316939891,0.0245901639344262,0.744535519125683
"175","2","5",0,0,0,0,1
"1974","4","5",0,0,0.00140845070422535,0.00985915492957747,0.988732394366197
"2384","5","5",0,0,0,0,1
"1754","5","5",0,0,0,0.00408163265306122,0.995918367346939
"660","4","5",0,0,0.0460251046025105,0.260808926080893,0.693165969316597
"2093","1","5",0,0,0,0,1
"2293","4","5",0,0,0.00954979536152797,0,0.990450204638472
"218","5","5",0,0,0.00273972602739726,0.0273972602739726,0.96986301369863
"469","3","5",0,0,0.0261096605744125,0.272845953002611,0.701044386422977
"2422","3","5",0,0,0,0,1
"1770","5","5",0,0,0,0.00698324022346369,0.993016759776536
"1972","4","5",0,0,0.00539811066126856,0.0161943319838057,0.978407557354926
"223","2","5",0,0,0,0,1
"2397","5","5",0,0,0,0,1
"1668","4","5",0,0,0,0,1
"121","1","5",0.00696378830083565,0.00696378830083565,0.0515320334261838,0.157381615598886,0.777158774373259
"2457","3","5",0,0,0,0,1
"2008","5","5",0,0,0.00258397932816537,0.0348837209302326,0.962532299741602
"2271","4","5",0,0,0,0,1
"274","4","5",0,0,0,0,1
"1618","3","5",0,0,0,0.0197368421052632,0.980263157894737
"1729","5","5",0,0,0,0,1
"1540","5","5",0,0,0,0,1
"1731","4","5",0,0,0,0,1
"2082","5","5",0,0,0,0,1
"16","5","5",0,0,0.0880681818181818,0.115056818181818,0.796875
"629","1","5",0,0,0,0,1
"425","4","5",0,0,0.0496644295302013,0.228187919463087,0.722147651006711
"2277","1","5",0,0,0,0,1
"1483","5","5",0,0,0,0,1
"2021","5","5",0,0,0,0,1
"1832","2","5",0,0,0,0,1
"2291","5","5",0,0,0.0206611570247934,0.00137741046831956,0.977961432506887
"1822","5","5",0,0,0,0,1
"1720","5","5",0,0,0,0,1
"614","3","4",0,0.00407608695652174,0.15625,0.730978260869565,0.108695652173913
"2023","4","5",0,0,0,0,1
"122","3","5",0.0226666666666667,0.00933333333333333,0.0173333333333333,0.165333333333333,0.785333333333333
"1967","5","5",0,0,0.00134228187919463,0.0322147651006711,0.966442953020134
"468","2","5",0,0,0.0302593659942363,0.256484149855908,0.713256484149856
"598","3","5",0,0,0,0,1
"501","5","5",0,0,0,0,1
"2142","3","5",0,0,0.0374832663989291,0.258366800535475,0.704149933065596
"105","4","5",0,0,0.0697674418604651,0.147742818057456,0.782489740082079
"2005","5","5",0,0,0.00407608695652174,0.0285326086956522,0.967391304347826
"2016","5","5",0,0,0.00267022696929239,0.0240320427236315,0.973297730307076
"1839","5","5",0,0,0,0,1
"295","4","5",0,0,0,0.00128865979381443,0.998711340206186
"2377","5","5",0,0,0,0,1
"1980","5","5",0,0,0.00268817204301075,0.0255376344086022,0.971774193548387
"2323","5","5",0,0,0,0,1
"2030","4","5",0,0,0,0,1
"485","5","3",0.00138888888888889,0.0125,0.8375,0.109722222222222,0.0388888888888889
"553","3","5",0,0,0.0371389270976616,0.284731774415406,0.678129298486933
"2574","5","5",0,0,0,0,1
"1755","5","5",0,0,0,0.00683994528043776,0.993160054719562
"392","5","5",0,0,0,0,1
"1921","3","5",0,0,0.0517482517482517,0.0811188811188811,0.867132867132867
"2144","4","5",0,0,0.0457516339869281,0.26797385620915,0.686274509803922
"293","5","5",0,0,0,0,1
"527","5","5",0,0,0.0375335120643432,0.296246648793566,0.666219839142091
"656","5","5",0,0,0.0475524475524476,0.302097902097902,0.65034965034965
"500","3","3",0.00276625172890733,0.0110650069156293,0.67911479944675,0.16597510373444,0.141078838174274
"209","4","5",0,0,0.00282485875706215,0.0169491525423729,0.980225988700565
"2402","3","5",0,0,0,0,1
"315","4","5",0,0,0,0,1
"432","5","5",0,0,0.0417827298050139,0.314763231197772,0.643454038997215
"2331","5","5",0,0,0,0,1
"1930","5","5",0,0,0.09765625,0.0859375,0.81640625
"286","5","5",0,0,0,0.00139275766016713,0.998607242339833
"592","3","5",0,0,0,0,1
"2319","5","5",0,0,0,0,1
"1963","5","5",0,0,0.0026525198938992,0.0291777188328912,0.96816976127321
"369","3","5",0,0,0.025,0.272222222222222,0.702777777777778
"367","4","5",0,0,0.0509641873278237,0.224517906336088,0.724517906336088
"42","1","5",0,0,0.0638002773925104,0.153952843273232,0.782246879334258
"1434","5","5",0,0,0,0,1
"515","5","5",0,0,0,0,1
"2046","3","5",0,0,0,0,1
"1646","1","5",0,0,0,0,1
"328","4","5",0,0,0.0474898236092266,0.265943012211669,0.686567164179104
"2180","5","5",0,0,0,0,1
"537","3","5",0,0,0.0293706293706294,0.282517482517483,0.688111888111888
"588","3","5",0,0,0,0,1
"2489","4","4",0,0.00286944045911047,0.278335724533716,0.591104734576757,0.127690100430416
"2226","3","5",0,0,0,0,1
"1480","4","5",0,0.0013531799729364,0.415426251691475,0.13531799729364,0.447902571041949
"1802","4","5",0,0.00273972602739726,0.0342465753424658,0,0.963013698630137
"1909","5","3",0.0965417867435159,0.100864553314121,0.681556195965418,0.118155619596542,0.00288184438040346
"2318","5","5",0,0,0,0,1
"1652","3","5",0,0,0,0,1
"1600","5","5",0,0,0,0,1
"256","5","5",0,0,0,0.00539811066126856,0.994601889338731
"519","3","5",0,0,0,0,1
"1820","5","5",0,0.00543478260869565,0.0611413043478261,0.0108695652173913,0.922554347826087
"422","5","5",0,0,0.046639231824417,0.304526748971193,0.64883401920439
"1941","5","5",0,0,0,0,1
"1636","4","5",0,0,0,0,1
"76","4","5",0,0,0,0,1
"2309","5","5",0,0,0,0,1
"96","4","5",0,0,0,0,1
"2434","1","5",0,0,0,0,1
"1460","3","5",0,0,0,0,1
"386","4","5",0,0,0,0,1
"484","3","3",0.00272851296043656,0.00818553888130969,0.687585266030014,0.148703956343793,0.152796725784447
"462","3","5",0,0,0.0303867403314917,0.274861878453039,0.69475138121547
"232","5","5",0,0,0,0,1
"506","4","5",0,0,0,0,1
"1714","5","5",0,0,0,0,1
"336","3","5",0,0,0.0332409972299169,0.278393351800554,0.688365650969529
"2282","3","5",0,0,0.00264200792602378,0.00132100396301189,0.996036988110964
"1580","5","5",0,0,0.0791666666666667,0.194444444444444,0.726388888888889
"1841","5","5",0,0,0,0,1
"1579","4","5",0,0,0.0707482993197279,0.148299319727891,0.780952380952381
"2448","4","5",0,0,0,0,1
"1656","5","5",0,0,0,0,1
"2577","4","5",0,0,0,0,1
"1928","3","5",0,0,0.0472222222222222,0.0875,0.865277777777778
"2332","3","5",0,0,0,0,1
"2168","4","5",0,0,0,0,1
"1569","4","5",0,0,0.0575342465753425,0.145205479452055,0.797260273972603
"60","4","5",0,0,0.0673499267935578,0.133235724743777,0.799414348462665
"1812","2","5",0,0,0.036,0.004,0.96
"77","5","5",0,0,0,0,1
"163","5","5",0,0,0,0,1
"1821","5","5",0,0,0,0,1
"1561","5","5",0,0,0.0774365821094793,0.17890520694259,0.743658210947931
"1986","5","5",0,0,0,0,1
"2229","3","5",0,0,0,0,1
"2383","5","5",0,0,0,0,1
"1475","5","3",0,0.00136425648021828,0.461118690313779,0.211459754433834,0.326057298772169
"2530","3","5",0,0,0.314093959731544,0.249664429530201,0.436241610738255
"219","5","5",0,0,0.00264550264550265,0.0211640211640212,0.976190476190476
"1811","4","5",0,0.0026246719160105,0.041994750656168,0.00131233595800525,0.954068241469816
"508","4","5",0,0,0,0,1
"2381","5","5",0,0,0,0,1
"2054","4","5",0,0,0,0,1
"2164","5","5",0,0,0,0,1
"1902","3","3",0.122529644268775,0.137022397891963,0.538866930171278,0.150197628458498,0.0513833992094862
"2283","5","5",0,0,0.0122615803814714,0,0.987738419618529
"2175","5","5",0,0,0,0,1
"148","5","5",0,0,0,0,1
"1437","4","5",0,0,0,0,1
"2336","3","5",0,0,0,0,1
"98","4","5",0,0,0,0,1
"2548","3","5",0,0,0,0,1
"1629","3","5",0,0,0,0,1
"1599","5","5",0,0,0,0,1
"174","5","5",0,0,0,0,1
"2120","5","5",0,0,0,0,1
"2040","5","5",0,0,0,0,1
"2357","2","3",0,0,0.408,0.194666666666667,0.397333333333333
"2452","2","5",0,0,0,0,1
"397","5","5",0,0,0,0,1
"95","4","5",0,0,0,0,1
"2025","4","5",0,0,0,0,1
"1939","4","5",0,0,0.069672131147541,0.0519125683060109,0.878415300546448
"57","4","5",0,0,0.0713305898491084,0.142661179698217,0.786008230452675
"1431","5","5",0,0,0,0,1
"255","4","5",0,0,0,0.00535475234270415,0.994645247657296
"250","3","5",0,0,0,0.00657894736842105,0.993421052631579
"373","4","5",0,0,0.0468965517241379,0.246896551724138,0.706206896551724
"395","4","5",0,0,0,0,1
"101","5","5",0,0,0.0655080213903743,0.189839572192513,0.744652406417112
"1761","5","5",0,0,0,0.00687757909215956,0.99312242090784
"87","5","5",0,0,0,0,1
"1934","4","5",0,0,0.0778097982708934,0.0446685878962536,0.877521613832853
"398","4","5",0,0,0,0,1
"600","2","5",0,0,0,0,1
"2061","3","5",0,0,0,0.00272851296043656,0.997271487039563
"106","3","5",0,0,0.0512465373961219,0.156509695290859,0.792243767313019
"2350","3","5",0,0.00283687943262411,0.306382978723404,0.226950354609929,0.463829787234043
"2235","4","5",0,0,0,0,1
"2394","5","5",0,0,0,0,1
"1752","5","5",0,0,0,0.0053835800807537,0.994616419919246
"58","5","5",0,0,0.0849315068493151,0.197260273972603,0.717808219178082
"25","4","5",0,0,0,0,1
"241","4","5",0,0,0,0.0027027027027027,0.997297297297297
"1672","4","5",0,0,0,0,1
"370","5","5",0,0,0.0393700787401575,0.288713910761155,0.671916010498688
"2024","1","5",0,0,0,0,1
"2466","5","5",0,0,0,0,1
"2438","4","5",0,0,0,0,1
"15","5","5",0,0,0.0790155440414508,0.0932642487046632,0.827720207253886
"2212","4","5",0,0,0,0,1
"194","3","5",0,0,0,0,1
"516","5","5",0,0,0,0,1
"1888","5","5",0,0,0.0424966799468791,0.286852589641434,0.670650730411687
"387","5","5",0,0,0,0,1
"1552","4","5",0,0,0,0,1
"618","2","4",0,0,0.221590909090909,0.681818181818182,0.0965909090909091
"2152","3","5",0,0,0.0334728033472803,0.295676429567643,0.670850767085077
"2398","4","5",0,0,0,0,1
"375","1","5",0,0,0.035110533159948,0.256176853055917,0.708712613784135
"1926","5","5",0,0,0.0889175257731959,0.0902061855670103,0.820876288659794
"2239","3","5",0,0,0,0,1
"571","5","5",0,0,0.0556309362279511,0.283582089552239,0.66078697421981
"112","3","5",0,0,0.0410596026490066,0.164238410596026,0.794701986754967
"1632","4","5",0,0,0,0,1
"480","5","5",0,0,0.0375838926174497,0.304697986577181,0.657718120805369
"2161","5","5",0,0,0,0,1
"2189","4","5",0,0,0,0,1
"2182","5","5",0,0,0,0,1
"156","4","5",0,0,0,0,1
"43","2","5",0,0,0.0579310344827586,0.157241379310345,0.784827586206897
"2127","5","5",0,0,0,0,1
"1417","5","5",0,0,0,0,1
"443","5","5",0,0,0,0,1
"1683","2","5",0,0,0,0,1
"1616","4","5",0,0,0.0027027027027027,0.0175675675675676,0.97972972972973
"2333","5","5",0,0,0,0,1
"173","4","5",0,0,0,0,1
"1696","3","5",0,0,0,0,1
"421","4","5",0,0,0.0455136540962289,0.261378413524057,0.693107932379714
"3","3","5",0,0,0.0460251046025105,0.0878661087866109,0.866108786610879
"623","5","5",0,0,0,0,1
"1922","5","5",0,0,0.104022191400832,0.10124826629681,0.794729542302358
"2312","3","5",0,0,0,0,1
"2203","2","5",0,0,0,0,1
"39","5","5",0,0,0,0,1
"437","4","5",0,0,0.0484764542936288,0.267313019390582,0.684210526315789
"2245","5","5",0,0,0,0,1
"1523","5","5",0,0,0,0,1
"1433","1","5",0,0,0,0,1
"2209","4","5",0,0,0,0,1
"1446","4","5",0,0,0,0,1
"2070","5","5",0,0,0,0.00133511348464619,0.998664886515354
"2540","3","5",0,0.00274725274725275,0.332417582417582,0.199175824175824,0.465659340659341
"140","5","5",0.0267983074753173,0.00705218617771509,0.0677009873060649,0.212976022566996,0.685472496473907
"491","2","3",0,0,0.747688243064729,0.132100396301189,0.120211360634082
"298","4","5",0,0,0,0.00135685210312076,0.998643147896879
"651","5","5",0,0,0.0280373831775701,0.292389853137517,0.679572763684913
"1721","5","5",0,0,0,0.00134048257372654,0.998659517426273
"1894","5","5",0,0,0.0459940652818991,0.305637982195846,0.648367952522255
"346","5","5",0,0,0.368983957219251,0.0267379679144385,0.60427807486631
"10","3","5",0,0,0.0638586956521739,0.0828804347826087,0.853260869565217
"304","2","5",0,0,0,0,1
"2279","3","5",0,0,0,0,1
"345","4","5",0,0,0.319209039548023,0.00988700564971751,0.67090395480226
"1697","5","5",0,0,0,0,1
"1426","2","5",0,0,0,0,1
"2482","4","4",0,0.00404312668463612,0.252021563342318,0.632075471698113,0.111859838274933
"2274","4","5",0,0,0,0,1
"1581","5","5",0,0,0,0,1
"1947","1","5",0,0,0,0,1
"1684","2","5",0,0,0,0,1
"1545","2","5",0,0,0,0,1
"102","3","5",0,0,0.0368421052631579,0.163157894736842,0.8
"2507","4","5",0,0,0,0,1
"2367","4","5",0,0,0,0,1
"1507","5","5",0,0,0.00410958904109589,0.0287671232876712,0.967123287671233
"1452","4","5",0,0,0,0,1
"1800","4","5",0,0,0,0,1
"348","3","5",0,0,0.220505617977528,0.0252808988764045,0.754213483146067
"254","5","5",0,0,0,0.00685871056241427,0.993141289437586
"2172","3","5",0,0,0,0,1
"389","4","5",0,0,0,0,1
"2292","5","5",0,0,0.0234806629834254,0,0.976519337016575
"2564","2","5",0,0,0,0,1
"458","5","5",0,0,0,0,1
"1586","4","5",0,0,0,0,1
"2110","5","5",0,0,0,0,1
"1565","5","5",0,0,0.0782967032967033,0.196428571428571,0.725274725274725
"1880","3","3",0.178385416666667,0,0.416666666666667,0.0520833333333333,0.352864583333333
"2475","5","5",0,0,0,0,1
"1864","4","3",0.123268698060942,0,0.56786703601108,0.00138504155124654,0.307479224376731
"1960","4","5",0,0,0,0,1
"334","3","5",0,0,0.0259208731241473,0.252387448840382,0.721691678035471
"1867","1","3",0.0235602094240838,0,0.62565445026178,0.049738219895288,0.301047120418848
"2181","5","5",0,0,0,0,1
"169","5","5",0,0,0,0,1
"2376","4","5",0,0,0,0,1
"152","4","5",0,0,0,0.00130890052356021,0.99869109947644
"2204","4","5",0,0,0,0,1
"1746","1","5",0,0,0,0.00549450549450549,0.994505494505495
"440","3","5",0,0,0.0284090909090909,0.278409090909091,0.693181818181818
"1536","5","5",0,0,0,0,1
"2088","5","5",0,0,0,0,1
"2392","5","5",0,0,0,0,1
"213","4","5",0,0,0,0.0145118733509235,0.985488126649076
"1455","4","5",0,0,0,0,1
"2117","5","5",0,0,0,0,1
"1957","4","5",0,0,0,0,1
"1991","4","5",0,0,0,0,1
"455","4","5",0,0,0,0,1
"217","5","5",0,0,0.00137174211248285,0.0315500685871056,0.967078189300412
"2073","4","5",0,0,0,0,1
"1516","4","5",0,0,0.00132802124833997,0.0159362549800797,0.98273572377158
"291","3","5",0,0,0,0.00134952766531714,0.998650472334683
"275","5","5",0,0,0,0,1
"1953","2","5",0,0,0,0,1
"1525","2","5",0,0,0,0,1
"305","5","5",0,0,0,0,1
"1743","5","5",0,0,0,0.00696378830083565,0.993036211699164
"2477","4","5",0,0,0,0,1
"1858","3","5",0,0,0,0,1
"357","5","5",0,0,0.354196301564723,0.0298719772403983,0.615931721194879
"2389","5","5",0,0,0,0,1
"2337","5","5",0,0,0,0,1
"2485","3","4",0,0.00138888888888889,0.172222222222222,0.722222222222222,0.104166666666667
"608","4","4",0,0.00135135135135135,0.243243243243243,0.65,0.105405405405405
"1438","4","5",0,0,0,0,1
"108","2","5",0,0,0.0629370629370629,0.188811188811189,0.748251748251748
